{"cameraMode":{"drawMode":0,"name":"Shaded","section":"Shading Mode"},"sceneLighting":true,"audioPlay":false,"sceneViewState":{"m_AlwaysRefresh":false,"showFog":true,"showSkybox":true,"showFlares":true,"showImageEffects":true,"showParticleSystems":true,"showVisualEffectGraphs":true,"m_FxEnabled":true},"in2DMode":false,"pivot":{"x":59.46969223022461,"y":-0.4255892038345337,"z":38.63054656982422},"rotation":{"x":-0.02192927896976471,"y":-0.36685171723365786,"z":0.010724867694079876,"w":-0.930644154548645},"size":21.680465698242189,"orthographic":false}